{
  "bestfit": [
    1.0,
    1.0,
    1.0,
    1.0,
    1.0,
    1.0
  ],
  "converged": true,
  "covariance": [
    0.002107416499963341,
    -0.0010543743093614734,
    -0.0010827381435693205,
    -0.0010852031655593569,
    -0.0010905781507822875,
    -0.001156597322499687,
    -0.0010543743093614738,
    0.05108935484170449,
    0.0005417112765156223,
    0.0005429445665929994,
    0.0005456337579950568,
    0.0005786642095386223,
    -0.0010827381435693207,
    0.0005417112765156221,
    0.0033709184222411696,
    0.0005575503754923279,
    0.0005603119091151734,
    0.0005942309163102508,
    -0.001085203165559357,
    0.0005429445665929993,
    0.0005575503754923279,
    0.0014052293415581798,
    0.0005615875464291922,
    0.0005955837755260862,
    -0.0010905781507822875,
    0.0005456337579950568,
    0.0005603119091151734,
    0.000561587546429192,
    0.003526714942315664,
    0.0005985336876661046,
    -0.0011565973224996872,
    0.0005786642095386225,
    0.0005942309163102508,
    0.0005955837755260862,
    0.0005985336876661047,
    0.1631780877575399
  ],
  "edm": null,
  "final_grad_norm": 0.0,
  "fit_regions": null,
  "initial_nll": 9.414264010107903,
  "n_active_bounds": 0,
  "n_evaluations": 0,
  "n_fev": 1,
  "n_gev": 1,
  "n_iter": 0,
  "nll": 9.414264010107903,
  "parameter_names": [
    "mu",
    "staterror_SR[0]",
    "staterror_SR[1]",
    "staterror_SR[2]",
    "staterror_SR[3]",
    "staterror_SR[4]"
  ],
  "poi_index": 0,
  "termination_reason": "Solver converged",
  "twice_nll": 18.828528020215806,
  "uncertainties": [
    0.04590660627800035,
    0.22602954417886278,
    0.0580596109377351,
    0.037486388750560914,
    0.05938615109868347,
    0.4039530761827912
  ],
  "validation_regions": null
}