{
  "p0": [
    0.34480434354101847,
    0.13573300478346126,
    0.02084639956476312,
    0.007839496147998308,
    0.01194361576673663,
    0.08577847450403885,
    0.049096292642770774,
    0.02094147432506167,
    0.02448646214952877,
    0.03784376759294422,
    0.013264650717626692,
    0.0025049109478325264,
    0.0004342377035763093,
    7.296813329583602e-05,
    8.203722096797908e-07
  ],
  "schema_version": "nextstat.physics_assistant_anomaly_plot_data.v1",
  "start_bin": [
    0,
    1,
    2,
    3,
    4,
    5,
    6,
    7,
    8,
    9,
    10,
    11,
    12,
    13,
    14
  ],
  "step_bins": 1,
  "width_bins": 3,
  "x": [
    1.5,
    2.5,
    3.5,
    4.5,
    5.5,
    6.5,
    7.5,
    8.5,
    9.5,
    10.5,
    11.5,
    12.5,
    13.5,
    14.5,
    15.5
  ],
  "z0": [
    0.3993861641602125,
    1.099692761727513,
    2.03657351495985,
    2.416303363791631,
    2.2589381651857936,
    1.3672181148209122,
    1.6536798185633401,
    2.0346813232112786,
    1.9688273165727244,
    1.7762754038544382,
    2.218374601001544,
    2.8064015483721807,
    3.329995009221936,
    3.797884544241207,
    4.79328235801454
  ]
}
