{
  "environment": {
    "python_version": "3.12.3",
    "python_full": "3.12.3 (main, Jan 22 2026, 20:57:42) [GCC 13.3.0]",
    "platform": "Linux-6.8.0-90-generic-x86_64-with-glibc2.39",
    "system": "Linux",
    "machine": "x86_64",
    "node": "nextstat-bench",
    "cpu": "AMD EPYC 7502P 32-Core Processor",
    "rustc": "rustc 1.93.0 (254b59607 2026-01-19)",
    "nextstat_version": "0.9.6",
    "packages": {
      "numpy": "2.4.2"
    }
  },
  "config": {
    "n_chains_gpu": 4096,
    "n_chains_cpu": 8,
    "n_warmup": 500,
    "n_samples": 1000,
    "seed": 123,
    "report_chains": 256,
    "models": [
      "std_normal_10d",
      "eight_schools",
      "glm_logistic"
    ]
  },
  "results": [
    {
      "engine": "NS_CPU_MAMS",
      "model": "std_normal_10d",
      "wall_s": 0.04070066998247057,
      "wall_sampling": 0.04070066998247057,
      "min_ess": 3554.1863885311145,
      "max_rhat": 1.0028403496653309,
      "n_chains": 8,
      "n_samples": 1000,
      "n_grad_evals": 12450,
      "ess_per_grad": 0.2854768183559128,
      "grad_per_sec": 305891.77046378126
    },
    {
      "engine": "NS_CPU_MAMS",
      "model": "eight_schools",
      "wall_s": 0.03526705410331488,
      "wall_sampling": 0.03526705410331488,
      "min_ess": 3341.8597793171184,
      "max_rhat": 1.0125482598657551,
      "n_chains": 8,
      "n_samples": 1000,
      "n_grad_evals": 23815,
      "ess_per_grad": 0.14032583578908747,
      "grad_per_sec": 675276.1353481334
    },
    {
      "engine": "NS_CPU_MAMS",
      "model": "glm_logistic",
      "wall_s": 14.166229866910726,
      "wall_sampling": 14.166229866910726,
      "min_ess": 2356.9480544917337,
      "max_rhat": 1.0061123984445912,
      "n_chains": 8,
      "n_samples": 1000,
      "n_grad_evals": 16000,
      "ess_per_grad": 0.14730925340573336,
      "grad_per_sec": 1129.4465888466605
    }
  ]
}