{
  "backend": "cmdstanpy",
  "backend_meta": {
    "cmdstan_version": "(2, 38)",
    "cmdstanpy_version": "1.3.0"
  },
  "case": "eight_schools_non_centered",
  "config": {
    "dataset_seed": 12345,
    "init_jitter_rel": 0.1,
    "max_treedepth": 10,
    "metric": "diagonal",
    "n_chains": 4,
    "n_samples": 2000,
    "n_warmup": 1000,
    "seed": 42,
    "target_accept": 0.95
  },
  "dataset": {
    "id": "eight_schools",
    "sha256": "f0a70a7e839f0c402da002e67605d554600cbabeb997101df464ec511d513b67"
  },
  "deterministic": false,
  "diagnostics": {
    "ess_bulk": {
      "mu": 7614.92,
      "tau": 5498.65,
      "theta[1]": 7431.91,
      "theta[2]": 8291.1,
      "theta[3]": 8503.54,
      "theta[4]": 9065.52,
      "theta[5]": 9337.41,
      "theta[6]": 9301.36,
      "theta[7]": 9001.87,
      "theta[8]": 7684.85,
      "theta_raw[1]": 7684.48,
      "theta_raw[2]": 7603.69,
      "theta_raw[3]": 10235.9,
      "theta_raw[4]": 8937.73,
      "theta_raw[5]": 9037.12,
      "theta_raw[6]": 10688.9,
      "theta_raw[7]": 7970.92,
      "theta_raw[8]": 8455.28
    },
    "ess_tail": {
      "mu": 5402.95,
      "tau": 4948.43,
      "theta[1]": 6680.06,
      "theta[2]": 6786.5,
      "theta[3]": 6135.91,
      "theta[4]": 6883.97,
      "theta[5]": 6618.95,
      "theta[6]": 6852.64,
      "theta[7]": 6048.7,
      "theta[8]": 6352.44,
      "theta_raw[1]": 5694.88,
      "theta_raw[2]": 5623.07,
      "theta_raw[3]": 5928.97,
      "theta_raw[4]": 5956.47,
      "theta_raw[5]": 5942.22,
      "theta_raw[6]": 6090.62,
      "theta_raw[7]": 5722.09,
      "theta_raw[8]": 6221.72
    },
    "r_hat": {
      "mu": 1.00046,
      "tau": 1.00016,
      "theta[1]": 1.00017,
      "theta[2]": 1.00067,
      "theta[3]": 1.00034,
      "theta[4]": 0.999879,
      "theta[5]": 1.0005,
      "theta[6]": 1.00012,
      "theta[7]": 0.999896,
      "theta[8]": 1.00059,
      "theta_raw[1]": 0.999828,
      "theta_raw[2]": 1.00173,
      "theta_raw[3]": 1.00059,
      "theta_raw[4]": 1.00038,
      "theta_raw[5]": 1.00032,
      "theta_raw[6]": 0.999712,
      "theta_raw[7]": 0.999982,
      "theta_raw[8]": 1.00016
    }
  },
  "diagnostics_summary": {
    "divergence_rate": 0.0,
    "max_r_hat": 1.00173,
    "max_treedepth_rate": 0.0,
    "min_ebfmi": null,
    "min_ess_bulk": 5498.65,
    "min_ess_tail": 4948.43
  },
  "meta": {
    "nextstat_version": "0.9.0",
    "platform": "Linux-6.8.0-90-generic-x86_64-with-glibc2.39",
    "python": "3.12.3"
  },
  "model": {
    "model_type": "Eight Schools (non-centered, funnel geometry)"
  },
  "schema_version": "nextstat.bayesian_benchmark_result.v1",
  "status": "ok",
  "suite": "bayesian",
  "timing": {
    "ess_bulk_per_sec": {
      "median": 40675.03282716894,
      "min": 26376.57210290722
    },
    "ess_tail_per_sec": {
      "median": 29115.660140240212,
      "min": 23737.21198679479
    },
    "wall_time_s": 0.20846719499968458
  }
}
