{
  "backend": "nextstat",
  "case": "glm_logistic_regression",
  "config": {
    "dataset_seed": 12345,
    "init_jitter_rel": 0.1,
    "max_treedepth": 10,
    "metric": "diagonal",
    "n_chains": 4,
    "n_samples": 2000,
    "n_warmup": 1000,
    "seed": 123,
    "target_accept": 0.8
  },
  "dataset": {
    "id": "generated:glm_logistic_n=200_p=5_seed=12345",
    "sha256": "04117bfe1f5c2af45e84f7150872c10aa96ded80ad0c7ad4dfd72f6dba94c540"
  },
  "deterministic": false,
  "diagnostics": {
    "divergence_rate": 0.0,
    "ebfmi": [
      1.010520573805396,
      1.036195093221433,
      1.0503889209796151,
      1.0972428112039139
    ],
    "ess_bulk": {
      "beta1": 8000.0,
      "beta2": 8000.0,
      "beta3": 8000.0,
      "beta4": 8000.0,
      "beta5": 8000.0,
      "intercept": 8000.0
    },
    "ess_tail": {
      "beta1": 5981.831109614522,
      "beta2": 6387.639991952915,
      "beta3": 5641.959144444397,
      "beta4": 6600.94643926649,
      "beta5": 5957.317482432136,
      "intercept": 5938.275490936019
    },
    "max_treedepth_rate": 0.0,
    "quality": {
      "enabled": true,
      "failures": [],
      "max_r_hat": 1.000730207921698,
      "min_ebfmi": 1.010520573805396,
      "min_ess_bulk": 8000.0,
      "min_ess_tail": 5641.959144444397,
      "status": "ok",
      "total_draws": 8000,
      "warnings": []
    },
    "r_hat": {
      "beta1": 1.0005974152847124,
      "beta2": 0.9997478010217195,
      "beta3": 1.0006203201233033,
      "beta4": 0.9997782214087884,
      "beta5": 1.0000320822039155,
      "intercept": 1.000730207921698
    }
  },
  "diagnostics_summary": {
    "divergence_rate": 0.0,
    "max_r_hat": 1.000730207921698,
    "max_treedepth_rate": 0.0,
    "min_ebfmi": 1.010520573805396,
    "min_ess_bulk": 8000.0,
    "min_ess_tail": 5641.959144444397
  },
  "meta": {
    "nextstat_version": "0.9.0",
    "platform": "Linux-6.8.0-90-generic-x86_64-with-glibc2.39",
    "python": "3.12.3"
  },
  "model": {
    "model_type": "ComposedGlmModel.logistic_regression",
    "n_params": 6,
    "param_names": [
      "intercept",
      "beta1",
      "beta2",
      "beta3",
      "beta4",
      "beta5"
    ]
  },
  "schema_version": "nextstat.bayesian_benchmark_result.v1",
  "status": "ok",
  "suite": "bayesian",
  "timing": {
    "ess_bulk_per_sec": {
      "median": 29472.298096786497,
      "min": 29472.298096786497
    },
    "ess_tail_per_sec": {
      "median": 21992.134145414246,
      "min": 20785.18771936947
    },
    "wall_time_s": 0.2714413370049442
  }
}
