{
  "alpha": 0.05,
  "cls_exp": [
    [
      0.9999994254085587,
      0.6966491787781777,
      0.4792930184936586,
      0.325875700754562,
      0.21910335905644926,
      0.14576900349218352,
      0.09602042217869708,
      0.06266104139392173,
      0.04053316822300877,
      0.026003749442978504,
      0.016553800674876353,
      0.010461890603547215,
      0.006567173516945898,
      0.004096367358640471,
      0.002540147763998096,
      0.001566527447468865,
      0.0009611855563131551,
      0.0005869893541349132,
      0.00035691364729519427,
      0.00021614994464844254,
      0.00013042128496790415,
      7.842942543750526e-05,
      4.701933038945628e-05,
      2.8110229723949255e-05,
      1.676335429525578e-05,
      9.974212787332696e-06,
      5.922770804319571e-06,
      3.5107691888455912e-06,
      2.0778223213299136e-06,
      1.2281078616453258e-06,
      7.250625265087301e-07,
      4.2767118106882086e-07,
      2.5206982951823214e-07,
      1.484858611606719e-07,
      8.743313897264939e-08,
      5.147112925739437e-08,
      3.029804430954324e-08,
      1.7835784733320768e-08,
      1.05016369216835e-08,
      6.185381003736288e-09,
      3.644813831292198e-09
    ],
    [
      0.9999996307415946,
      0.7906615992135847,
      0.6169679083581222,
      0.4753738625897476,
      0.3618537233269346,
      0.27225880660062446,
      0.20258522699106418,
      0.14915379178542776,
      0.1087130973517297,
      0.07848134482105618,
      0.056143410856874146,
      0.03981842106817958,
      0.028010520215146252,
      0.01955252743530846,
      0.013549256024488924,
      0.009324778301137971,
      0.00637595570726267,
      0.004333137891904337,
      0.002927996400336969,
      0.001967902186033564,
      0.0013159805069029417,
      0.0008758918576399731,
      0.0005804207816487034,
      0.0003830518966357903,
      0.0002518371807930136,
      0.0001649870308641628,
      0.0001077364399087881,
      7.014045411673388e-05,
      4.553792990194762e-05,
      2.9490211166286795e-05,
      1.9053693714346857e-05,
      1.2284849444488656e-05,
      7.90566728668415e-06,
      5.078905207895411e-06,
      3.257959841293176e-06,
      2.087098878527186e-06,
      1.3354764782569436e-06,
      8.536824813753872e-07,
      5.452444652546094e-07,
      3.4800525055371383e-07,
      2.2199436323438494e-07
    ],
    [
      0.9999998068200107,
      0.8821834486315805,
      0.7689901067223534,
      0.6624255417339788,
      0.5640112735225891,
      0.4747618782749131,
      0.3952049981337971,
      0.3254339641547241,
      0.2651814347277898,
      0.2139029236364401,
      0.17086079765666307,
      0.13520168463245316,
      0.10602274573051888,
      0.0824245631372847,
      0.06355025625809982,
      0.04861177786725401,
      0.03690516755143415,
      0.027816927857837306,
      0.020823741782858722,
      0.015487577765751307,
      0.011447926259860084,
      0.008412557119331018,
      0.006147833828868295,
      0.004469302991345498,
      0.003233012781043195,
      0.0023278073919183553,
      0.0016686930200117249,
      0.0011912673094990908,
      0.0008471392886352912,
      0.0006002313384509488,
      0.00042384027865721415,
      0.00029833426560314785,
      0.00020937040790785355,
      0.00014653082127109038,
      0.00010228947476167817,
      7.123682355451917e-05,
      4.9502807863613924e-05,
      3.433078093497497e-05,
      2.376511326081463e-05,
      1.6423634582730844e-05,
      1.1332867042588462e-05
    ],
    [
      0.9999999303676637,
      0.9542306277016956,
      0.9033162777411659,
      0.8479639701670866,
      0.7890833736748154,
      0.7277310131264935,
      0.6650454278027067,
      0.6021801106850957,
      0.540240579337889,
      0.48023070531579176,
      0.4230117632727547,
      0.3692758574944992,
      0.31953370952309446,
      0.2741154348940929,
      0.23318200119742605,
      0.19674456438466248,
      0.16468877861852446,
      0.13680138661715793,
      0.11279681665323585,
      0.09234204257122457,
      0.0750785173374627,
      0.060640506174588944,
      0.04866958108839499,
      0.038825375139452285,
      0.03079292915315297,
      0.024287104303819012,
      0.01905459703677678,
      0.014874096056939947,
      0.011555083368040914,
      0.00893571848329773,
      0.006880170259069756,
      0.005275684118203199,
      0.004029600406772534,
      0.003066476248309227,
      0.0023254103921879626,
      0.0017576285397256908,
      0.0013243547970756384,
      0.0009949720329483853,
      0.0007454584569110265,
      0.0005570782041967041,
      0.00041529865174104425
    ],
    [
      0.9999999866236488,
      0.9905067504478599,
      0.9782802450745146,
      0.9629314489425351,
      0.9441263288478113,
      0.9216139011748522,
      0.8952506432627063,
      0.8650187076882578,
      0.8310360088554998,
      0.7935571200121094,
      0.752964894536696,
      0.7097536651143008,
      0.6645056575543202,
      0.6178627929994174,
      0.570496305345477,
      0.5230765705046413,
      0.47624527367382463,
      0.4305915951875156,
      0.38663355190511184,
      0.34480506451161863,
      0.30544879519288975,
      0.2688143610912864,
      0.23506120354368987,
      0.20426518959412318,
      0.17642793499026896,
      0.1514878475747674,
      0.12933197680752076,
      0.10980789086703459,
      0.09273496589923301,
      0.07791464179726092,
      0.06513935963990396,
      0.05420003760644335,
      0.04489205845165425,
      0.03701983049448544,
      0.03040004630393628,
      0.02486380150605301,
      0.020257754463211253,
      0.01644451015950624,
      0.013302402694060956,
      0.010724834430725473,
      0.008619309123993295
    ]
  ],
  "cls_obs": [
    0.999999806820048,
    0.8946011747417859,
    0.8123411562009731,
    0.7476219314896014,
    0.6963842971477051,
    0.6556353304813626,
    0.5875792722392467,
    0.5194164415569524,
    0.4546489298595071,
    0.39410267611605304,
    0.3383716589325507,
    0.2878210430566442,
    0.24260441739166524,
    0.2026910919244612,
    0.1678993583919946,
    0.1379320055133997,
    0.11241104864625845,
    0.09090943598167629,
    0.07297830086761324,
    0.05816905412218651,
    0.046050198240597084,
    0.03621917714245266,
    0.028309854244164417,
    0.021996358169715593,
    0.016994076431547392,
    0.013058543155665153,
    0.009982884525457146,
    0.007594378280743313,
    0.0057505688685731025,
    0.0043352698944113845,
    0.003254687829476023,
    0.0024338191868508176,
    0.0018132085279957686,
    0.0013461058216921917,
    0.000996026912622169,
    0.0007346977545688514,
    0.0005403491377613413,
    0.0003963215858528084,
    0.0002899379345740014,
    0.00021160218398537758,
    0.0001540863133021835
  ],
  "exp_limits": [
    0.9465220194047904,
    1.297039928788663,
    1.8633838392336044,
    2.7361078101522667,
    3.931403725463344
  ],
  "mu_values": [
    0.0,
    0.125,
    0.25,
    0.375,
    0.5,
    0.625,
    0.75,
    0.875,
    1.0,
    1.125,
    1.25,
    1.375,
    1.5,
    1.625,
    1.75,
    1.875,
    2.0,
    2.125,
    2.25,
    2.375,
    2.5,
    2.625,
    2.75,
    2.875,
    3.0,
    3.125,
    3.25,
    3.375,
    3.5,
    3.625,
    3.75,
    3.875,
    4.0,
    4.125,
    4.25,
    4.375,
    4.5,
    4.625,
    4.75,
    4.875,
    5.0
  ],
  "nsigma_order": [
    2,
    1,
    0,
    -1,
    -2
  ],
  "obs_limit": 2.4592597498683375,
  "points": [
    {
      "cls": 0.999999806820048,
      "expected": [
        0.9999994254085587,
        0.9999996307415946,
        0.9999998068200107,
        0.9999999303676637,
        0.9999999866236488
      ],
      "mu": 0.0
    },
    {
      "cls": 0.8946011747417859,
      "expected": [
        0.6966491787781777,
        0.7906615992135847,
        0.8821834486315805,
        0.9542306277016956,
        0.9905067504478599
      ],