{
  "bestfit": [
    0.6337197544567988,
    1.0107246067908509,
    0.9917022342043837
  ],
  "converged": true,
  "nll": 3.140379737541589,
  "parameter_names": [
    "mu",
    "staterror_SR[0]",
    "staterror_SR[1]"
  ],
  "parameters": [
    0.6337197544567988,
    1.0107246067908509,
    0.9917022342043837
  ],
  "uncertainties": [
    0.9136003140110893,
    0.08121972243366798,
    0.09683423160229311
  ]
}
