{
  "bestfit": [
    0.5245205740436321,
    1.0024312742430912,
    0.9985470289704058
  ],
  "converged": true,
  "covariance": [
    0.7632873061383394,
    -0.024707707771499367,
    -0.04511943749725381,
    -0.024707707771499367,
    0.007596522927801777,
    0.0014605219653614028,
    -0.04511943749725381,
    0.0014605219653614028,
    0.009102421071810333
  ],
  "edm": null,
  "final_grad_norm": 0.00001744529876223386,
  "fit_regions": null,
  "initial_nll": 12.577579332147451,
  "n_active_bounds": 0,
  "n_evaluations": 10,
  "n_fev": 16,
  "n_gev": 26,
  "n_iter": 10,
  "nll": 12.35899689714072,
  "parameter_names": [
    "mu",
    "uncorr_bkguncrt[0]",
    "uncorr_bkguncrt[1]"
  ],
  "poi_index": 0,
  "termination_reason": "Solver converged",
  "twice_nll": 24.71799379428144,
  "uncertainties": [
    0.8736631537030387,
    0.08715803421258293,
    0.09540660916210329
  ],
  "validation_regions": null
}