{
  "clb": 0.7256518423634613,
  "cls": 0.4056699630778603,
  "clsb": 0.29437515609896664,
  "expected_set": {
    "cls": [
      0.03708523313563965,
      0.10187329662706546,
      0.2541352311485453,
      0.527948526005287,
      0.8237458261075036
    ],
    "nsigma_order": [
      2,
      1,
      0,
      -1,
      -2
    ]
  },
  "mu_hat": 0.5245205740436321,
  "mu_test": 1.0,
  "q_mu": 0.2923001255057329,
  "q_mu_a": 1.300427058837485,
  "teststat": -0.599714811703933
}