{
  "config": {
    "runs": 24,
    "seed0": 100,
    "hep": {
      "n_toys": 200,
      "summary_ci_level": 0.68,
      "summary_ci_bootstrap": 500,
      "threads": 32
    },
    "churn": {
      "n_bootstrap": 500,
      "conf_level": 0.95,
      "n_jackknife": 160,
      "truth_hr": {
        "plan_basic": 0.65,
        "plan_premium": 0.4,
        "usage_score": 0.8,
        "support_tickets": 1.0
      }
    },
    "nextstat_bin": "/root/.nextstat-cargo-target/release/nextstat",
    "fixture_root": "/root/nextstat-bca-run-20260216/tests/fixtures/simple_tree.root"
  },
  "hep": {
    "gauss_midpoi": {
      "percentile": {
        "runs": 24,
        "coverage_vs_poi_true": 0.0,
        "median_width": 0.004399822754441951,
        "mean_width": 0.004420731379835101,
        "median_wall_s": 0.025867336487863213,
        "mean_wall_s": 0.024864164833464503,
        "median_center_minus_poi_true": 0.0031093867038979317,
        "mean_center_minus_poi_true": 0.0031506143552568664,
        "fallback_count": 0,
        "effective_bca_count": 0
      },
      "bca": {
        "runs": 24,
        "coverage_vs_poi_true": 0.041666666666666664,
        "median_width": 0.004405329385665069,
        "mean_width": 0.004412022000018501,
        "median_wall_s": 0.023504049459006637,
        "mean_wall_s": 0.024366289750711683,
        "median_center_minus_poi_true": 0.00317457884582506,
        "mean_center_minus_poi_true": 0.0031605985888853347,
        "fallback_count": 0,
        "effective_bca_count": 24
      }
    },
    "gauss_boundary_lowpoi": {
      "percentile": {
        "runs": 24,
        "coverage_vs_poi_true": 0.375,
        "median_width": 0.001369500707475102,
        "mean_width": 0.0013889590354798041,
        "median_wall_s": 0.011069069500081241,
        "mean_wall_s": 0.012489258704590611,
        "median_center_minus_poi_true": 0.000797503196788521,
        "mean_center_minus_poi_true": 0.0008045574755183166,
        "fallback_count": 0,
        "effective_bca_count": 0
      },
      "bca": {
        "runs": 24,
        "coverage_vs_poi_true": 0.375,
        "median_width": 0.0013792332913610608,
        "mean_width": 0.0013895572272281727,
        "median_wall_s": 0.014610728481784463,
        "mean_wall_s": 0.013752935912634712,
        "median_center_minus_poi_true": 0.0008051326021681279,
        "mean_center_minus_poi_true": 0.0008023916095067143,
        "fallback_count": 0,
        "effective_bca_count": 24
      }
    }
  },
  "churn": {
    "baseline": {
      "percentile": {
        "runs": 24,
        "median_wall_s": 0.0978417510050349,
        "mean_wall_s": 0.09933494625147432,
        "mean_interval_width": 0.11012291402923208,
        "fallback_total": 0,
        "effective_bca_total": 0,
        "coverage_vs_true_hr": 0.9375,
        "coverage_hits": 90,
        "coverage_total": 96
      },
      "bca": {
        "runs": 24,
        "median_wall_s": 0.1279124520078767,
        "mean_wall_s": 0.12583837704490483,
        "mean_interval_width": 0.11049365652242056,
        "fallback_total": 0,
        "effective_bca_total": 96,
        "coverage_vs_true_hr": 0.9375,
        "coverage_hits": 90,
        "coverage_total": 96
      }
    },
    "heavy_censoring_small_n": {
      "percentile": {
        "runs": 24,
        "median_wall_s": 0.023586207011248916,
        "mean_wall_s": 0.023440197874151636,
        "mean_interval_width": 0.39810918558683567,
        "fallback_total": 0,
        "effective_bca_total": 0,
        "coverage_vs_true_hr": 0.96875,
        "coverage_hits": 93,
        "coverage_total": 96
      },
      "bca": {
        "runs": 24,
        "median_wall_s": 0.02693051248206757,
        "mean_wall_s": 0.02677696845785249,
        "mean_interval_width": 0.40759850509778,
        "fallback_total": 0,
        "effective_bca_total": 96,
        "coverage_vs_true_hr": 0.9791666666666666,
        "coverage_hits": 94,
        "coverage_total": 96
      }
    }
  }
}