{
  "config": {
    "runs": 128,
    "seed0": 7000,
    "n_events": 400,
    "sigma_true": 30.0,
    "conf_level": 0.95,
    "n_bootstrap": 1500,
    "threads": 56,
    "obs_low": 0.0,
    "obs_high": 500.0,
    "max_run_attempts": 5,
    "nextstat_bin": "/opt/nextstat_src_min_2026-02-16/target/release/nextstat"
  },
  "scenarios": {
    "gauss_mu_mid": {
      "percentile": {
        "runs": 128,
        "coverage_vs_true_poi": 0.9765625,
        "median_width": 5.901386822637868,
        "mean_width": 5.890115037086918,
        "median_wall_total_s": 0.057764029945246875,
        "mean_wall_total_s": 0.05747859720895576,
        "median_center_minus_true": 0.08147956194346051,
        "mean_center_minus_true": 0.015796813134775434,
        "median_obs_hat_minus_true": 0.12423989880515762,
        "mean_obs_hat_minus_true": 0.053182269298434615,
        "fallback_count": 0,
        "effective_bca_count": 0
      },
      "bca": {
        "runs": 128,
        "coverage_vs_true_poi": 0.9765625,
        "median_width": 5.793057709086796,
        "mean_width": 5.795396158424982,
        "median_wall_total_s": 0.057764029945246875,
        "mean_wall_total_s": 0.05747859720895576,
        "median_center_minus_true": 0.19492714991015703,
        "mean_center_minus_true": 0.12461726319212896,
        "median_obs_hat_minus_true": 0.12423989880515762,
        "mean_obs_hat_minus_true": 0.053182269298434615,
        "fallback_count": 0,
        "effective_bca_count": 128
      }
    },
    "gauss_mu_boundary_low": {
      "percentile": {
        "runs": 128,
        "coverage_vs_true_poi": 0.96875,
        "median_width": 5.867162695349585,
        "mean_width": 5.700235615310335,
        "median_wall_total_s": 0.05631448299391195,
        "mean_wall_total_s": 0.05591920338474665,
        "median_center_minus_true": 0.06189163883227877,
        "mean_center_minus_true": 0.08962849640071024,
        "median_obs_hat_minus_true": 0.0971603771198346,
        "mean_obs_hat_minus_true": 0.02701813237998174,
        "fallback_count": 0,
        "effective_bca_count": 0
      },
      "bca": {
        "runs": 128,
        "coverage_vs_true_poi": 0.9765625,
        "median_width": 5.797099626225865,
        "mean_width": 5.64802271427435,
        "median_wall_total_s": 0.05631448299391195,
        "mean_wall_total_s": 0.05591920338474665,
        "median_center_minus_true": 0.15801585023309883,
        "mean_center_minus_true": 0.1716686760652073,
        "median_obs_hat_minus_true": 0.0971603771198346,
        "mean_obs_hat_minus_true": 0.02701813237998174,
        "fallback_count": 0,
        "effective_bca_count": 128
      }
    }
  }
}