{
  "environment": {
    "python_version": "3.12.3",
    "python_full": "3.12.3 (main, Jan 22 2026, 20:57:42) [GCC 13.3.0]",
    "platform": "Linux-6.8.0-90-generic-x86_64-with-glibc2.39",
    "system": "Linux",
    "machine": "x86_64",
    "node": "nextstat-bench",
    "cpu": "AMD EPYC 7502P 32-Core Processor",
    "rustc": "rustc 1.93.0 (254b59607 2026-01-19)",
    "nextstat_version": "0.9.6",
    "packages": {
      "numpy": "2.4.2"
    }
  },
  "config": {
    "n_chains_gpu": 4096,
    "n_chains_cpu": 8,
    "n_warmup": 500,
    "n_samples": 1000,
    "seed": 42,
    "report_chains": 256,
    "models": [
      "std_normal_10d",
      "eight_schools",
      "glm_logistic"
    ]
  },
  "results": [
    {
      "engine": "NS_CPU_MAMS",
      "model": "std_normal_10d",
      "wall_s": 0.04289640602655709,
      "wall_sampling": 0.04289640602655709,
      "min_ess": 4017.3950280193326,
      "max_rhat": 1.0041552320373057,
      "n_chains": 8,
      "n_samples": 1000,
      "n_grad_evals": 13526,
      "ess_per_grad": 0.2970127922533885,
      "grad_per_sec": 315317.79123001767
    },
    {
      "engine": "NS_CPU_MAMS",
      "model": "eight_schools",
      "wall_s": 0.034817395033314824,
      "wall_sampling": 0.034817395033314824,
      "min_ess": 4006.2632172462113,
      "max_rhat": 1.0095325447455181,
      "n_chains": 8,
      "n_samples": 1000,
      "n_grad_evals": 26047,
      "ess_per_grad": 0.1538090074575272,
      "grad_per_sec": 748103.0667307844
    },
    {
      "engine": "NS_CPU_MAMS",
      "model": "glm_logistic",
      "wall_s": 14.857404512935318,
      "wall_sampling": 14.857404512935318,
      "min_ess": 2233.144787161949,
      "max_rhat": 1.007156301840432,
      "n_chains": 8,
      "n_samples": 1000,
      "n_grad_evals": 15705,
      "ess_per_grad": 0.14219323700489964,
      "grad_per_sec": 1057.0486915346983
    }
  ]
}