{
  "environment": {
    "python_version": "3.12.3",
    "python_full": "3.12.3 (main, Jan 22 2026, 20:57:42) [GCC 13.3.0]",
    "platform": "Linux-6.8.0-90-generic-x86_64-with-glibc2.39",
    "system": "Linux",
    "machine": "x86_64",
    "node": "nextstat-bench",
    "cpu": "AMD EPYC 7502P 32-Core Processor",
    "rustc": "rustc 1.93.0 (254b59607 2026-01-19)",
    "nextstat_version": "0.9.6",
    "packages": {
      "numpy": "2.4.2"
    }
  },
  "config": {
    "n_chains_gpu": 4096,
    "n_chains_cpu": 16,
    "n_warmup": 500,
    "n_samples": 1000,
    "seed": 42,
    "report_chains": 256,
    "models": [
      "std_normal_10d",
      "eight_schools",
      "glm_logistic"
    ]
  },
  "results": [
    {
      "engine": "NS_CPU_MAMS",
      "model": "std_normal_10d",
      "wall_s": 0.08052687102463096,
      "wall_sampling": 0.08052687102463096,
      "min_ess": 7769.072383512287,
      "max_rhat": 1.0032623609511184,
      "n_chains": 16,
      "n_samples": 1000,
      "n_grad_evals": 26136,
      "ess_per_grad": 0.2972556008383948,
      "grad_per_sec": 324562.467999107
    },
    {
      "engine": "NS_CPU_MAMS",
      "model": "eight_schools",
      "wall_s": 0.0659738399554044,
      "wall_sampling": 0.0659738399554044,
      "min_ess": 7711.117682048931,
      "max_rhat": 1.00616295053189,
      "n_chains": 16,
      "n_samples": 1000,
      "n_grad_evals": 47809,
      "ess_per_grad": 0.16129008517327137,
      "grad_per_sec": 724666.0196271266
    },
    {
      "engine": "NS_CPU_MAMS",
      "model": "glm_logistic",
      "wall_s": 19.121417904039845,
      "wall_sampling": 19.121417904039845,
      "min_ess": 4506.039913287335,
      "max_rhat": 1.0056979722141284,
      "n_chains": 16,
      "n_samples": 1000,
      "n_grad_evals": 31705,
      "ess_per_grad": 0.14212395247712775,
      "grad_per_sec": 1658.0883362892027
    }
  ]
}