{
  "backend": "nextstat",
  "case": "glm_logistic_regression",
  "config": {
    "dataset_seed": 12345,
    "init_jitter_rel": 0.1,
    "max_treedepth": 10,
    "metric": "diagonal",
    "n_chains": 4,
    "n_samples": 2000,
    "n_warmup": 1000,
    "seed": 0,
    "target_accept": 0.8
  },
  "dataset": {
    "id": "generated:glm_logistic_n=200_p=5_seed=12345",
    "sha256": "04117bfe1f5c2af45e84f7150872c10aa96ded80ad0c7ad4dfd72f6dba94c540"
  },
  "deterministic": false,
  "diagnostics": {
    "divergence_rate": 0.0,
    "ebfmi": [
      1.0731908948176567,
      1.075392751246095,
      1.0511257408289405,
      1.1056752031885688
    ],
    "ess_bulk": {
      "beta1": 8000.0,
      "beta2": 8000.0,
      "beta3": 8000.0,
      "beta4": 8000.0,
      "beta5": 8000.0,
      "intercept": 8000.0
    },
    "ess_tail": {
      "beta1": 6320.157720388393,
      "beta2": 6438.304262186904,
      "beta3": 6405.065588908462,
      "beta4": 6036.50762363877,
      "beta5": 6797.494754337104,
      "intercept": 6137.158231928241
    },
    "max_treedepth_rate": 0.0,
    "quality": {
      "enabled": true,
      "failures": [],
      "max_r_hat": 1.0008228986866796,
      "min_ebfmi": 1.0511257408289405,
      "min_ess_bulk": 8000.0,
      "min_ess_tail": 6036.50762363877,
      "status": "ok",
      "total_draws": 8000,
      "warnings": []
    },
    "r_hat": {
      "beta1": 1.0005840625634252,
      "beta2": 1.0008228986866796,
      "beta3": 1.000266924171653,
      "beta4": 0.9998915646302151,
      "beta5": 0.9998710954444306,
      "intercept": 0.9999124633816948
    }
  },
  "diagnostics_summary": {
    "divergence_rate": 0.0,
    "max_r_hat": 1.0008228986866796,
    "max_treedepth_rate": 0.0,
    "min_ebfmi": 1.0511257408289405,
    "min_ess_bulk": 8000.0,
    "min_ess_tail": 6036.50762363877
  },
  "meta": {
    "nextstat_version": "0.9.0",
    "platform": "Linux-6.8.0-90-generic-x86_64-with-glibc2.39",
    "python": "3.12.3"
  },
  "model": {
    "model_type": "ComposedGlmModel.logistic_regression",
    "n_params": 6,
    "param_names": [
      "intercept",
      "beta1",
      "beta2",
      "beta3",
      "beta4",
      "beta5"
    ]
  },
  "schema_version": "nextstat.bayesian_benchmark_result.v1",
  "status": "ok",
  "suite": "bayesian",
  "timing": {
    "ess_bulk_per_sec": {
      "median": 30664.50158963533,
      "min": 30664.50158963533
    },
    "ess_tail_per_sec": {
      "median": 24388.289399774872,
      "min": 23138.31220261461
    },
    "wall_time_s": 0.260887983997236
  }
}
