{
  "backend": "nextstat",
  "case": "histfactory_simple_8p",
  "config": {
    "dataset_seed": 12345,
    "init_jitter_rel": 0.1,
    "max_treedepth": 10,
    "metric": "diagonal",
    "n_chains": 4,
    "n_samples": 2000,
    "n_warmup": 1000,
    "seed": 0,
    "target_accept": 0.8
  },
  "dataset": {
    "id": "/data/nextstat/benchmarks/nextstat-public-benchmarks/suites/bayesian/datasets/simple_workspace.json",
    "path": "/data/nextstat/benchmarks/nextstat-public-benchmarks/suites/bayesian/datasets/simple_workspace.json",
    "sha256": "e87594b9a23cc580a53a9d0b42df10218132bb8cd2401edf1cfdf020ad1d715d"
  },
  "deterministic": false,
  "diagnostics": {
    "divergence_rate": 0.0,
    "ebfmi": [
      0.9819473844866299,
      1.0805331572925871,
      0.9659781802515425,
      0.9488148708185402
    ],
    "ess_bulk": {
      "mu": 4708.0386837308,
      "uncorr_bkguncrt[0]": 6252.905298596729,
      "uncorr_bkguncrt[1]": 5091.955283386966
    },
    "ess_tail": {
      "mu": 2952.421024941777,
      "uncorr_bkguncrt[0]": 4236.975730936804,
      "uncorr_bkguncrt[1]": 4404.670199953424
    },
    "max_treedepth_rate": 0.0,
    "quality": {
      "enabled": true,
      "failures": [],
      "max_r_hat": 1.0012406054677707,
      "min_ebfmi": 0.9488148708185402,
      "min_ess_bulk": 4708.0386837308,
      "min_ess_tail": 2952.421024941777,
      "status": "ok",
      "total_draws": 8000,
      "warnings": []
    },
    "r_hat": {
      "mu": 1.0005178233892418,
      "uncorr_bkguncrt[0]": 1.0004692398722104,
      "uncorr_bkguncrt[1]": 1.0012406054677707
    }
  },
  "diagnostics_summary": {
    "divergence_rate": 0.0,
    "max_r_hat": 1.0012406054677707,
    "max_treedepth_rate": 0.0,
    "min_ebfmi": 0.9488148708185402,
    "min_ess_bulk": 4708.0386837308,
    "min_ess_tail": 2952.421024941777
  },
  "meta": {
    "nextstat_version": "0.9.0",
    "platform": "Linux-6.8.0-90-generic-x86_64-with-glibc2.39",
    "python": "3.12.3"
  },
  "model": {
    "model_type": "HistFactoryModel(simple_workspace.json)",
    "n_params": 3,
    "param_names": [
      "mu",
      "uncorr_bkguncrt[0]",
      "uncorr_bkguncrt[1]"
    ]
  },
  "schema_version": "nextstat.bayesian_benchmark_result.v1",
  "status": "ok",
  "suite": "bayesian",
  "timing": {
    "ess_bulk_per_sec": {
      "median": 75970.68823232842,
      "min": 70242.74941973659
    },
    "ess_tail_per_sec": {
      "median": 63214.609003564554,
      "min": 44049.37685690545
    },
    "wall_time_s": 0.06702526200388093
  }
}
